Column A,Column N
380,4/4/2024
406,3/15/2024
502,2/16/2024
546,2/13/2024
547,3/12/2024
616,2/21/2024
588,2/14/2024
573,2/14/2024
589,2/21/2024
612,2/20/2024
591,2/23/2024
619,2/26/2024
618,2/23/2024
613,2/27/2024
592,3/14/2024
611,2/29/2024
606,2/28/2024
694,3/18/2024
614,3/1/2024
601,4/2/2024
712,3/20/2024
713,3/19/2024
811,4/19/2024
826,4/25/2024
853,4/30/2024
835,5/3/2024
891,5/25/2024
951,6/4/2024
1006,6/26/2024
1057,6/21/2024
1184,7/22/2024
1139,9/6/2024
1355,8/26/2024
1292,8/14/2024
1327,8/23/2024
1354,8/21/2024
1278,8/15/2024
1325,8/22/2024
1407,8/28/2024
1409,9/4/2024
1282,9/4/2024
549,2/24/2024
632,3/18/2024
679,3/24/2024
626,3/6/2024
701,3/24/2024
685,3/24/2024
738,4/3/2024
737,4/3/2024
658,4/3/2024
759,4/2/2024
779,4/13/2024
793,4/21/2024
795,4/19/2024
819,4/21/2024
821,4/28/2024
843,7/12/2024
884,5/15/2024
867,5/20/2024
816,5/23/2024
869,5/27/2024
924,5/24/2024
761,6/10/2024
963,6/17/2024
981,6/14/2024
983,6/17/2024
1056,6/25/2024
1072,6/28/2024
1093,7/9/2024
1078,7/5/2024
1109,7/27/2024
1110,7/10/2024
1165,7/17/2024
1194,7/21/2024
1076,7/21/2024
1211,7/19/2024
1203,8/2/2024
1205,8/3/2024
1088,11/15/2024
1224,8/15/2024
1201,8/23/2024
1261,8/7/2024
1141,8/19/2024
1171,8/27/2024
1172,8/27/2024
1280,8/20/2024
1256,8/15/2024
1346,8/15/2024
1247,9/5/2024
1122,8/17/2024
1345,8/21/2024
1376,9/8/2024
1398,9/5/2024
1394,9/3/2024
1395,10/1/2024
1388,9/9/2024
1383,9/12/2024
1428,9/16/2024
1390,9/15/2024
1403,9/17/2024
1366,9/15/2024
1369,10/20/2024
1528,11/1/2024
1453,10/15/2024
1549,9/24/2024
1444,12/6/2024
1448,11/23/2024
1539,11/13/2024
1537,1/11/2025
1495,10/27/2024
1546,11/19/2024
1545,11/19/2024
1558,1/3/2025
1494,11/4/2024
1478,11/2/2024
1571,11/21/2024
1584,11/16/2024
1596,11/5/2024
1488,11/3/2024
1630,11/25/2024
1622,11/17/2024
1613,11/26/2024
1624,12/6/2024
804,1/13/2025
805,1/13/2025
1765,1/30/2025
1830,1/31/2025
1810,2/6/2025
1837,2/11/2025
509,2/16/2024
510,2/16/2024
688,3/23/2024
689,3/23/2024
758,4/2/2024
774,4/6/2024
772,4/16/2024
773,4/29/2024
851,5/10/2024
888,5/14/2024
887,5/14/2024
863,6/6/2024
940,6/4/2024
952,6/7/2024
935,6/2/2024
950,6/19/2024
905,5/31/2024
968,6/10/2024
923,6/15/2024
977,6/24/2024
975,6/20/2024
876,6/27/2024
1089,7/3/2024
1116,7/18/2024
1117,7/18/2024
1083,7/10/2024
1107,7/27/2024
1147,7/11/2024
1129,7/23/2024
1135,7/14/2024
1121,7/17/2024
1126,7/17/2024
1146,7/24/2024
1207,1/15/2025
1208,1/15/2025
1210,7/29/2024
1065,7/22/2024
1199,8/16/2024
1180,8/8/2024
1377,9/8/2024
1356,9/16/2024
1393,9/3/2024
1253,12/7/2024
1264,12/7/2024
915,12/14/2024
1434,9/23/2024
1443,9/23/2024
1442,9/28/2024
1386,9/28/2024
1440,9/28/2024
1457,9/28/2024
1498,11/26/2024
1567,9/22/2024
1473,11/5/2024
1474,11/5/2024
1489,9/23/2024
1485,11/21/2024
1518,10/18/2024
1491,10/17/2024
1538,1/11/2025
1496,11/2/2024
1525,11/15/2024
1572,11/5/2024
1565,10/4/2024
1477,11/2/2024
1554,10/23/2024
1569,11/21/2024
1456,11/5/2024
1463,11/16/2024
1493,1/14/2025
1598,11/17/2024
1538,1/11/2025
1553,12/19/2024
1554,10/23/2024
1556,12/7/2024
1560,12/7/2024
1565,10/4/2024
1567,9/22/2024
1569,11/21/2024
1572,11/5/2024
1577,1/8/2025
1598,11/17/2024
1610,11/15/2024
1611,12/6/2024
1614,1/28/2025
1617,12/20/2024
1620,11/9/2024
1631,11/9/2024
1632,11/17/2024
1634,1/15/2025
1661,1/3/2025
1671,2/5/2025
1754,2/5/2025
1789,1/29/2025
1806,2/3/2025
